-- MySQL dump 10.13  Distrib 8.1.0, for Linux (x86_64)
--
-- Host: localhost    Database: main
-- ------------------------------------------------------
-- Server version	8.1.0

/*!40101 SET @OLD_CHARACTER_SET_CLIENT=@@CHARACTER_SET_CLIENT */;
/*!40101 SET @OLD_CHARACTER_SET_RESULTS=@@CHARACTER_SET_RESULTS */;
/*!40101 SET @OLD_COLLATION_CONNECTION=@@COLLATION_CONNECTION */;
/*!50503 SET NAMES utf8mb4 */;
/*!40103 SET @OLD_TIME_ZONE=@@TIME_ZONE */;
/*!40103 SET TIME_ZONE='+00:00' */;
/*!40014 SET @OLD_UNIQUE_CHECKS=@@UNIQUE_CHECKS, UNIQUE_CHECKS=0 */;
/*!40014 SET @OLD_FOREIGN_KEY_CHECKS=@@FOREIGN_KEY_CHECKS, FOREIGN_KEY_CHECKS=0 */;
/*!40101 SET @OLD_SQL_MODE=@@SQL_MODE, SQL_MODE='NO_AUTO_VALUE_ON_ZERO' */;
/*!40111 SET @OLD_SQL_NOTES=@@SQL_NOTES, SQL_NOTES=0 */;

--
-- Current Database: `main`
--

CREATE DATABASE /*!32312 IF NOT EXISTS*/ `main` /*!40100 DEFAULT CHARACTER SET utf8mb4 COLLATE utf8mb4_0900_ai_ci */ /*!80016 DEFAULT ENCRYPTION='N' */;

USE `main`;

--
-- Table structure for table `rating`
--

DROP TABLE IF EXISTS `rating`;
/*!40101 SET @saved_cs_client     = @@character_set_client */;
/*!50503 SET character_set_client = utf8mb4 */;
CREATE TABLE `rating` (
  `ratingID` int NOT NULL AUTO_INCREMENT,
  `rating` int DEFAULT NULL,
  `userID` int DEFAULT NULL,
  `yetiID` int DEFAULT NULL,
  `timestamp` int DEFAULT NULL,
  PRIMARY KEY (`ratingID`),
  KEY `userID` (`userID`),
  KEY `yetiID` (`yetiID`),
  CONSTRAINT `rating_ibfk_1` FOREIGN KEY (`userID`) REFERENCES `user` (`userID`),
  CONSTRAINT `rating_ibfk_2` FOREIGN KEY (`yetiID`) REFERENCES `yeti` (`yetiID`)
) ENGINE=InnoDB AUTO_INCREMENT=663 DEFAULT CHARSET=utf8mb4 COLLATE=utf8mb4_0900_ai_ci;
/*!40101 SET character_set_client = @saved_cs_client */;

--
-- Dumping data for table `rating`
--

LOCK TABLES `rating` WRITE;
/*!40000 ALTER TABLE `rating` DISABLE KEYS */;
INSERT INTO `rating` VALUES (257,3,34,35,1697812395),(258,3,34,32,1697812397),(259,4,34,33,1697812398),(260,5,34,34,1697812399),(261,4,34,37,1697812401),(262,3,34,29,1697812402),(263,4,34,36,1697812403),(264,2,34,31,1697812407),(265,5,34,39,1697812409),(266,5,34,38,1697812410),(267,3,34,40,1697812478),(269,4,34,41,1697812581),(270,5,34,43,1697812941),(271,4,34,44,1697813005),(272,4,34,45,1697813041),(273,5,34,46,1697813071),(274,2,34,47,1697813111),(275,4,34,48,1697813154),(276,5,34,49,1697813188),(277,5,34,50,1697813233),(278,4,34,51,1697813297),(279,5,34,53,1697813362),(280,4,34,52,1697813367),(281,3,34,54,1697813408),(282,3,34,55,1697813498),(283,4,34,56,1697813503),(284,4,34,57,1697813564),(285,3,34,58,1697813615),(286,5,34,59,1697813675),(287,3,34,60,1697813714),(288,5,34,61,1697813774),(289,5,34,62,1697813861),(290,5,34,63,1697813978),(291,5,34,64,1697814022),(292,4,34,65,1697814072),(293,5,34,66,1697814123),(295,1,35,35,1697814298),(296,1,35,32,1697814301),(297,2,35,33,1697814303),(298,3,35,34,1697814306),(299,2,35,52,1697814307),(300,1,35,37,1697814307),(301,3,35,65,1697814308),(302,3,35,50,1697814308),(303,2,35,29,1697814308),(304,1,35,36,1697814308),(305,2,35,47,1697814309),(306,3,35,59,1697814309),(307,2,35,56,1697814309),(308,1,35,53,1697814310),(309,2,35,60,1697814310),(310,3,35,45,1697814311),(311,1,35,46,1697814311),(312,3,35,54,1697814312),(313,3,35,63,1697814312),(314,4,35,61,1697814312),(315,2,35,31,1697814313),(316,4,35,43,1697814314),(317,4,35,55,1697814314),(318,2,35,40,1697814315),(319,2,35,58,1697814315),(320,3,35,62,1697814317),(321,2,35,39,1697814317),(322,1,35,48,1697814318),(323,2,35,49,1697814318),(324,3,35,38,1697814318),(325,2,35,44,1697814319),(326,1,35,66,1697814319),(327,1,35,64,1697814319),(328,3,35,57,1697814319),(329,3,35,41,1697814320),(330,1,35,51,1697814320),(331,1,36,32,1697814429),(332,1,36,54,1697814431),(333,3,36,34,1697814432),(334,4,36,53,1697814434),(335,2,36,33,1697814435),(336,3,36,65,1697814435),(337,2,36,51,1697814436),(338,2,36,46,1697814436),(339,4,36,55,1697814436),(340,2,36,58,1697814436),(342,3,36,48,1697814437),(343,5,36,59,1697814437),(344,3,36,49,1697814437),(345,1,36,66,1697814438),(346,4,36,56,1697814438),(347,5,36,39,1697814438),(348,3,36,47,1697814439),(349,1,36,29,1697814439),(350,5,36,43,1697814440),(351,5,36,35,1697814440),(352,4,36,45,1697814440),(353,3,36,38,1697814441),(354,2,36,31,1697814441),(355,1,36,52,1697814441),(356,1,36,63,1697814441),(357,3,36,50,1697814442),(358,4,36,41,1697814442),(359,5,36,44,1697814442),(360,5,36,64,1697814442),(361,3,36,40,1697814442),(362,1,36,36,1697814443),(363,4,36,57,1697814443),(364,2,36,61,1697814444),(365,2,36,62,1697814444),(366,3,36,37,1697814444),(367,5,36,60,1697814445),(368,2,37,58,1697814497),(369,3,37,37,1697814497),(370,5,37,29,1697814497),(371,5,37,51,1697814497),(372,3,37,62,1697814498),(373,2,37,52,1697814498),(374,1,37,48,1697814498),(375,2,37,63,1697814498),(376,2,37,65,1697814499),(377,3,37,34,1697814499),(378,3,37,35,1697814499),(379,4,37,55,1697814499),(380,5,37,41,1697814500),(381,5,37,64,1697814500),(382,4,37,56,1697814500),(383,3,37,31,1697814500),(384,2,37,50,1697814500),(385,1,37,46,1697814501),(386,2,37,45,1697814501),(387,3,37,66,1697814501),(388,4,37,43,1697814502),(389,4,37,39,1697814502),(390,5,37,33,1697814502),(391,4,37,57,1697814502),(393,2,37,40,1697814503),(394,1,37,49,1697814503),(395,2,37,44,1697814503),(396,3,37,59,1697814504),(397,4,37,36,1697814504),(398,5,37,38,1697814504),(399,4,37,53,1697814505),(400,2,37,54,1697814505),(401,1,37,32,1697814505),(402,2,37,61,1697814506),(403,3,37,47,1697814506),(404,4,37,60,1697814506),(405,5,38,47,1697814551),(406,4,38,60,1697814551),(407,3,38,57,1697814551),(409,2,38,62,1697814552),(410,1,38,63,1697814552),(411,1,38,49,1697814553),(412,2,38,52,1697814554),(413,3,38,61,1697814554),(414,4,38,51,1697814554),(415,5,38,64,1697814554),(416,5,38,33,1697814555),(417,4,38,46,1697814555),(418,3,38,32,1697814555),(419,2,38,43,1697814555),(420,1,38,66,1697814556),(421,1,38,65,1697814556),(422,2,38,53,1697814556),(423,3,38,54,1697814557),(424,4,38,55,1697814557),(425,5,38,40,1697814557),(426,4,38,31,1697814558),(427,3,38,35,1697814558),(428,2,38,36,1697814558),(429,1,38,56,1697814558),(430,2,38,58,1697814559),(431,3,38,37,1697814559),(432,4,38,48,1697814559),(433,5,38,59,1697814560),(434,4,38,38,1697814560),(435,3,38,41,1697814560),(436,2,38,39,1697814561),(437,1,38,34,1697814561),(438,2,38,45,1697814561),(439,3,38,44,1697814562),(440,4,38,50,1697814562),(441,5,38,29,1697814562),(442,1,39,41,1697814676),(443,2,39,58,1697814677),(444,3,39,45,1697814677),(445,4,39,44,1697814677),(446,5,39,48,1697814678),(447,5,39,38,1697814678),(448,4,39,57,1697814678),(449,3,39,54,1697814678),(450,2,39,62,1697814679),(451,1,39,51,1697814679),(452,1,39,39,1697814679),(453,2,39,52,1697814680),(454,3,39,56,1697814680),(455,4,39,66,1697814680),(456,5,39,46,1697814681),(458,4,39,36,1697814681),(459,3,39,40,1697814682),(460,2,39,65,1697814682),(461,1,39,33,1697814682),(462,1,39,50,1697814682),(463,2,39,55,1697814683),(464,3,39,29,1697814683),(465,4,39,64,1697814683),(466,5,39,43,1697814684),(467,5,39,47,1697814684),(468,4,39,63,1697814684),(469,3,39,60,1697814685),(470,2,39,53,1697814685),(471,1,39,34,1697814685),(472,2,39,37,1697814686),(473,3,39,59,1697814686),(474,4,39,32,1697814686),(475,5,39,35,1697814687),(476,4,39,31,1697814687),(477,3,39,61,1697814687),(478,2,39,49,1697814687),(479,1,40,57,1697814737),(480,2,40,31,1697814737),(481,3,40,37,1697814738),(482,4,40,58,1697814738),(483,5,40,53,1697814738),(484,5,40,56,1697814738),(485,4,40,59,1697814739),(486,3,40,34,1697814739),(487,2,40,35,1697814739),(488,1,40,38,1697814740),(489,1,40,61,1697814740),(490,2,40,62,1697814740),(491,3,40,33,1697814741),(492,4,40,41,1697814741),(493,5,40,45,1697814741),(494,5,40,47,1697814741),(495,4,40,64,1697814742),(496,3,40,40,1697814742),(497,2,40,54,1697814742),(498,1,40,44,1697814742),(499,2,40,43,1697814743),(500,3,40,55,1697814743),(501,4,40,60,1697814743),(502,5,40,36,1697814744),(503,4,40,63,1697814744),(505,2,40,29,1697814744),(506,1,40,49,1697814745),(507,3,40,46,1697814745),(508,4,40,52,1697814746),(509,5,40,65,1697814746),(510,5,40,50,1697814746),(511,3,40,32,1697814747),(512,2,40,51,1697814747),(513,1,40,48,1697814747),(514,1,40,39,1697814747),(515,2,40,66,1697814748),(516,5,41,48,1697814803),(517,4,41,60,1697814803),(518,3,41,56,1697814803),(519,2,41,45,1697814804),(520,1,41,52,1697814804),(521,1,41,37,1697814804),(522,2,41,63,1697814805),(523,3,41,46,1697814805),(524,4,41,66,1697814805),(525,5,41,59,1697814805),(526,5,41,65,1697814806),(527,4,41,47,1697814806),(528,3,41,32,1697814806),(529,2,41,39,1697814807),(530,1,41,55,1697814807),(531,1,41,44,1697814807),(532,2,41,29,1697814807),(534,4,41,54,1697814808),(535,5,41,58,1697814808),(536,4,41,31,1697814809),(537,3,41,35,1697814810),(538,2,41,51,1697814810),(539,1,41,41,1697814810),(540,1,41,62,1697814810),(541,2,41,34,1697814811),(542,3,41,36,1697814811),(543,4,41,64,1697814811),(544,5,41,61,1697814812),(545,5,41,57,1697814812),(546,4,41,50,1697814812),(547,3,41,38,1697814813),(548,2,41,43,1697814813),(549,1,41,33,1697814813),(550,1,41,40,1697814813),(551,2,41,49,1697814814),(552,3,41,53,1697814814),(553,5,42,48,1697814868),(554,4,42,35,1697814869),(555,2,42,47,1697814869),(556,1,42,62,1697814869),(557,2,42,40,1697814870),(558,3,42,66,1697814870),(559,4,42,34,1697814870),(560,5,42,59,1697814871),(561,5,42,55,1697814871),(562,4,42,54,1697814871),(563,3,42,36,1697814872),(564,2,42,32,1697814872),(565,1,42,46,1697814872),(566,1,42,33,1697814872),(567,3,42,53,1697814873),(569,4,42,58,1697814874),(570,5,42,38,1697814874),(571,4,42,45,1697814874),(572,3,42,37,1697814875),(573,2,42,65,1697814875),(574,1,42,64,1697814875),(575,2,42,51,1697814876),(576,3,42,29,1697814876),(577,4,42,60,1697814876),(578,5,42,52,1697814876),(579,4,42,43,1697814877),(580,3,42,57,1697814877),(581,2,42,39,1697814877),(582,1,42,41,1697814878),(583,2,42,44,1697814878),(584,3,42,56,1697814878),(585,4,42,31,1697814879),(586,5,42,63,1697814879),(587,4,42,50,1697814879),(588,3,42,49,1697814879),(589,2,42,61,1697814880),(590,3,43,47,1697815077),(591,4,43,59,1697815079),(592,4,43,61,1697815080),(593,5,43,49,1697815082),(594,5,43,57,1697815083),(595,1,43,55,1697815084),(596,2,43,35,1697815085),(597,3,43,66,1697815087),(598,3,43,63,1697815088),(599,4,43,56,1697815089),(600,3,43,36,1697815090),(601,5,43,34,1697815092),(602,1,43,45,1697815094),(603,4,43,51,1697815095),(604,2,43,60,1697815130),(605,4,43,53,1697815131),(606,3,43,29,1697815132),(607,2,43,37,1697815134),(608,1,43,58,1697815135),(609,4,43,31,1697815136),(610,5,43,46,1697815137),(611,5,43,52,1697815138),(612,5,43,50,1697815139),(613,5,43,62,1697815139),(614,5,43,43,1697815140),(615,4,43,44,1697815141),(616,3,43,33,1697815142),(617,1,43,54,1697815144),(618,2,43,48,1697815145),(619,5,43,38,1697815146),(620,2,43,40,1697815148),(621,4,43,65,1697815149),(622,5,43,41,1697815150),(623,2,43,32,1697815151),(624,4,43,39,1697815152),(625,5,43,64,1697815153),(627,5,44,31,1697815197),(628,5,44,57,1697815198),(629,2,44,40,1697815199),(630,4,44,50,1697815200),(631,4,44,39,1697815201),(632,2,44,36,1697815202),(633,4,44,43,1697815203),(634,3,44,63,1697815205),(635,2,44,33,1697815205),(636,1,44,45,1697815206),(637,4,44,59,1697815207),(638,1,44,58,1697815208),(639,4,44,61,1697815209),(640,2,44,29,1697815210),(641,2,44,47,1697815212),(642,4,44,56,1697815213),(643,4,44,62,1697815214),(644,4,44,52,1697815215),(645,2,44,48,1697815216),(646,2,44,66,1697815217),(647,2,44,60,1697815218),(648,4,44,38,1697815219),(649,2,44,55,1697815221),(650,3,44,44,1697815222),(651,4,44,51,1697815223),(652,3,44,37,1697815224),(653,4,44,41,1697815225),(654,4,44,49,1697815226),(655,4,44,65,1697815342),(656,4,44,34,1697815343),(657,4,44,53,1697815345),(658,4,44,64,1697815345),(659,4,44,46,1697815346),(660,2,44,32,1697815347),(661,1,44,54,1697815348),(662,2,44,35,1697815350);
/*!40000 ALTER TABLE `rating` ENABLE KEYS */;
UNLOCK TABLES;

--
-- Table structure for table `user`
--

DROP TABLE IF EXISTS `user`;
/*!40101 SET @saved_cs_client     = @@character_set_client */;
/*!50503 SET character_set_client = utf8mb4 */;
CREATE TABLE `user` (
  `userID` int NOT NULL AUTO_INCREMENT,
  `email` varchar(255) NOT NULL,
  `password` varchar(255) NOT NULL,
  `role` varchar(255) NOT NULL,
  PRIMARY KEY (`userID`),
  UNIQUE KEY `email` (`email`)
) ENGINE=InnoDB AUTO_INCREMENT=45 DEFAULT CHARSET=utf8mb4 COLLATE=utf8mb4_0900_ai_ci;
/*!40101 SET character_set_client = @saved_cs_client */;

--
-- Dumping data for table `user`
--

LOCK TABLES `user` WRITE;
/*!40000 ALTER TABLE `user` DISABLE KEYS */;
INSERT INTO `user` VALUES (34,'George@test.com','$2y$13$rJax3kdtf6gRi4hWqawW9uv5jnoSI6Eb7CMDblzaemAWhBFsPxwTq','ROLE_USER'),(35,'seznam@seznam.cz','$2y$13$yV.dlqCdHBoOfpkJBDRHBOZJmEMRR7Ok.1GvWz7GCf8.KVClVPC.C','ROLE_USER'),(36,'google@google.com','$2y$13$zA7Vql2kE7JlEJOxtjr0Pupa88kwoMTH5SwuRl2Hc0/vg5r5ifoAu','ROLE_USER'),(37,'centrum@centrum.cz','$2y$13$mEKsSeOY263lmo8l3QNdMuyLJvooBQY2.LvB3rdd3/7UqnXAhG8Hm','ROLE_USER'),(38,'email@email.com','$2y$13$YLePNMjQtQcZ2jdQ53XmR.EudksC4BwRSoQO/Ox3/LCzUYkt0asxS','ROLE_USER'),(39,'enza@denino.com','$2y$13$9kbbumX7vzUIEka0Fb4sNeNqjZq1ka0za8V/rf7OZOziyUQLQBt92','ROLE_USER'),(40,'kang@joel.com','$2y$13$RtCWl.blIYw4hR70QiMhcu0LynTNWRx1c3inxmlUIIXYznju3/dIO','ROLE_USER'),(41,'matthew@rinaudo.com','$2y$13$BoOr/IW2NIID0Y4vhEIpoOK70ZuNxVRi0tGAuwFaDjxSO.1N7MDMG','ROLE_USER'),(42,'sam@pepper.com','$2y$13$QnUH5Avx2UWmjDjiWAJA.uGfwsqJFEIX2NSyDTt4k9IxasZ/0W1p6','ROLE_USER'),(43,'Sam@haydenko.com','$2y$13$NvsDz4z3PIPLUGpVyLuQUuIgf6Uedx5VGhqM.8pqSCJeG.pXfMKUW','ROLE_USER'),(44,'jirka@blaha.cz','$2y$13$j6FdvvxmAHmBq/4G3tLY2u4zXS2Wj4E.w6CNSlOTDiR6MH5qaUehG','ROLE_USER');
/*!40000 ALTER TABLE `user` ENABLE KEYS */;
UNLOCK TABLES;

--
-- Table structure for table `yeti`
--

DROP TABLE IF EXISTS `yeti`;
/*!40101 SET @saved_cs_client     = @@character_set_client */;
/*!50503 SET character_set_client = utf8mb4 */;
CREATE TABLE `yeti` (
  `yetiID` int NOT NULL AUTO_INCREMENT,
  `yetiName` varchar(50) NOT NULL,
  `sex` varchar(10) DEFAULT NULL,
  `age` int DEFAULT NULL,
  `height` float DEFAULT NULL,
  `weight` float DEFAULT NULL,
  `imageName` varchar(255) DEFAULT NULL,
  `dateAdded` varchar(50) DEFAULT NULL,
  `coordinates` varchar(255) DEFAULT NULL,
  `address` varchar(50) DEFAULT NULL,
  `userID` int DEFAULT NULL,
  `rating` float DEFAULT '0',
  PRIMARY KEY (`yetiID`),
  KEY `FK_UserID` (`userID`),
  CONSTRAINT `FK_UserID` FOREIGN KEY (`userID`) REFERENCES `user` (`userID`)
) ENGINE=InnoDB AUTO_INCREMENT=67 DEFAULT CHARSET=utf8mb4 COLLATE=utf8mb4_0900_ai_ci;
/*!40101 SET character_set_client = @saved_cs_client */;

--
-- Dumping data for table `yeti`
--

LOCK TABLES `yeti` WRITE;
/*!40000 ALTER TABLE `yeti` DISABLE KEYS */;
INSERT INTO `yeti` VALUES (29,'John','male',62,210,140,'818abd9ed36cc93d08e6ffbecc6e10ae.jpg','1697811826','50.433017111356605 14.109191894531252','Budyně nad Ohří',34,2.4248),(31,'James','male',72,290,190,'11470f30bee1165badc540625deb8f8d.jpg','1697811919','49.954754298064195 16.636047363281254','Horní Čermná',34,4.42578),(32,'Sarah','female',60,260,160,'420be1e270f31447967d047c9015e727.jpg','1697811962','50.65642599320274 14.72373962402344','Liberecký kraj',34,2.12696),(33,'William','male',75,300,190,'09776258a895212293b4524145bc4120.jpg','1697812042','50.60067298872855 15.33348083496094','Semily',34,2.11524),(34,'Emily','female',75,260,140,'1cd035f13a638624c490d2e7fa74b357.jpg','1697812087','50.6903680653673 14.535598754882814','Česká Lípa 1',34,4.01757),(35,'Robert','male',80,280,180,'b07a13359d4cc97e4679632b718c9635.jpg','1697812128','50.58498054281802 15.150833129882814','Turnov 1',34,2.37696),(36,'Emma','female',53,240,140,'94dedd8a8f043245647529e1123e252d.jpg','1697812165','50.10032188683107 15.09452819824219','Sokoleč',34,2.56933),(37,'David','male',65,270,170,'6f0ed5bac1e0e952d549fa768c882433.jpg','1697812218','50.41814387730614 15.582046508789064','Lázně Bělohrad',34,2.6084),(38,'Olivia','female',52,250,150,'86d2e3f11dc3f7d6d7df2fef2e9ac8c4.jpg','1697812270','49.33228198473771 16.531677246093754','Malhostovice',34,4.23632),(39,'Michael','male',70,290,190,'d4e14b1e0c164deca17bccdd379610ae.jpg','1697812318','49.80254124506294 12.93914794921875','Černošín',34,3.46973),(40,'Joseph','male',62,280,170,'babe4f6bba9e6aab6e329177c7cc2e35.jpg','1697812459','49.94415035164548 16.982116699218754','Dolní Studénky',34,2.01075),(41,'Sophia','female',57,270,160,'9dbe75999db0c7f3a719fe231711066d.jpg','1697812511','49.167338606291075 17.861022949218754','Slopné',34,3.63575),(43,'Richard','male',74,300,190,'bb6bc8f44dea016bfda0311fe76e2d21.jpg','1697812931','50.035973672195496 16.817321777343754','Písařov',34,4.06543),(44,'Charles','male',78,280,180,'946125952a7b0ae89de09911257b2037.jpg','1697812968','49.396675075193976 17.276000976562504','Lobodice',34,2.95312),(45,'Elizabeth','female',67,270,170,'4a3708035610ddd38861e4846df7ebd3.jpg','1697813030','49.816720843571765 14.749145507812502','Petroupim',34,1.61621),(46,'Andrew','male',72,187,180,'a558bc1488b5f5c842eda9cfe80cb714.jpg','1697813065','50.02185841773447 13.914184570312502','Račice',34,3.77929),(47,'Henry','male',67,287,118,'4d9e4b064d8d26893ac9bd8709acffb4.jpg','1697813097','50.205033264943346 15.770874023437502','Stěžery',34,2.54492),(48,'Daniel','male',55,148,182,'99363d743c08eb4f82f558e0a6146d2f.jpg','1697813148','50.014799234787844 12.661743164062502','Mariánské Lázně 1',34,2.59278),(49,'Benjamin','male',42,142,162,'84fdddfd5ed59c0a36ac68ed3dc48264.jpg','1697813183','49.160154652338015 15.693969726562502','Želetava',34,3.83692),(50,'Matthew','male',56,174,134,'5f6dd533918c083f2ff57a5f3243d97f.png','1697813226','50.31039245071915 14.408569335937502','Hostín u Vojkovic',34,4.22461),(51,'Amelia','female',61,148,115,'a1913e3be8f789c46fd0cefcf2c520b1.png','1697813291','49.0306652257167 17.803344726562504','Bojkovice',34,3.5127),(52,'Ethan','male',27,143,99,'43330608be6c0c6ecc8574c4bf8031be.png','1697813318','50.55532498251967 15.529174804687502','Studenec',34,4.125),(53,'Jack','male',38,160,159,'b67e27fe0fdd2018c132c10f87948654.jpg','1697813357','49.986552130506176 14.573364257812502','Dobřejovice',34,3.79492),(54,'Lucas','male',41,155,184,'67ab7bbf5a6bd2aaa37e0e3b3a2249af.jpg','1697813403','49.97948776108648 16.210327148437504','Choceň 1',34,1.64844),(55,'Brandon','male',47,185,162,'e2d8e08fde7d430be14d167da3e52482.jpg','1697813453','49.475263243037986 15.298461914062502','Pelhřimov',34,2.12402),(56,'Bradley','male',29,168,110,'70514d5ab0fdc4ca8bfdea1ebfe226e0.png','1697813495','50.548344490674786 13.672485351562502','Most',34,3.80274),(57,'Paul','male',33,178,123,'58b2395b9101d6407f912f31277097db.jpg','1697813560','49.160154652338015 17.594604492187504','Lhota',34,4.58496),(58,'Thomas','male',38,194,143,'1e63f274dc8e8a04625b9cb3b509bda6.jpg','1697813608','49.97948776108648 17.363891601562504','Václavov u Bruntálu',34,1.75098),(59,'Felix','male',36,186,129,'ccae1532547e482ac68df45f387e04c8.jpg','1697813669','51.04139389812637 13.601074218750002','Wilsdruff, Německo',34,4.17773),(60,'Jack','male',51,193,144,'aeb26fa0983232b9249f2eaa5f8e65e9.jpg','1697813709','50.04302974380058 14.057006835937502','Chyňava',34,2.4834),(61,'Grzegorz','male',60,192,157,'964f944a33ebfde6fb1e387cc647bc0f.jpg','1697813767','50.2682767372753 16.693725585937504','Marianówka, Polsko',34,3.68457),(62,'Brock','male',22,188,99,'609192f8e4a3d10a3dad09e9e3204580.jpg','1697813856','49.54659778073745 16.737670898437504','Šebetov',34,3.57031),(63,'Mack','male',77,184,114,'6f3114260fcd149a5e9d298d87cce53f.jpg','1697813956','49.745781306155735 14.606323242187502','Bystřice',34,3.21289),(64,'Marcel','male',80,150,87,'7042327befe3187e20750b8734f6fad4.jpg','1697814015','48.75618876280552 14.342651367187502','Přídolí',34,3.88672),(65,'Joel','male',61,176,149,'53581f2b3ef215ac4d1659ac2e220392.png','1697814066','50.387507803003146 15.573120117187502','Holovousy',34,3.77832),(66,'Sam','male',46,147,107,'0a4f054ce248fa3e95e7ecfb254d56f1.jpg','1697814119','49.63206194128714 17.891235351562504','Mankovice',34,2.52734);
/*!40000 ALTER TABLE `yeti` ENABLE KEYS */;
UNLOCK TABLES;
/*!40103 SET TIME_ZONE=@OLD_TIME_ZONE */;

/*!40101 SET SQL_MODE=@OLD_SQL_MODE */;
/*!40014 SET FOREIGN_KEY_CHECKS=@OLD_FOREIGN_KEY_CHECKS */;
/*!40014 SET UNIQUE_CHECKS=@OLD_UNIQUE_CHECKS */;
/*!40101 SET CHARACTER_SET_CLIENT=@OLD_CHARACTER_SET_CLIENT */;
/*!40101 SET CHARACTER_SET_RESULTS=@OLD_CHARACTER_SET_RESULTS */;
/*!40101 SET COLLATION_CONNECTION=@OLD_COLLATION_CONNECTION */;
/*!40111 SET SQL_NOTES=@OLD_SQL_NOTES */;

-- Dump completed on 2023-10-23 15:03:17
